First name,Last name,Domain
Olivia,Aaberg,yahoo.com
Emma,Aaby,hotmail.com
Ava,Aadland,aol.com
Sophia,Aagaard,hotmail.co.uk
Isabella,Aagard,hotmail.fr
Charlotte,Aaker,msn.com
Amelia,Aakre,yahoo.fr
Mia,Aalbers,wanadoo.fr
Harper,Aalto,orange.fr
Evelyn,Aamodt,comcast.net
Abigail,Aamot,yahoo.co.uk
Emily,Aanenson,yahoo.com.br
Ella,Aardema,yahoo.co.in
Elizabeth,Aarhus,live.com
Camila,Aaron,rediffmail.com
Luna,Aarons,free.fr
Sofia,Aaronson,gmx.de
Avery,Aas,web.de
Mila,Aase,yandex.ru
Aria,Aasen,ymail.com
Scarlett,Abad,libero.it
Penelope,Abadi,outlook.com
Layla,Abadie,uol.com.br
Chloe,Abair,bol.com.br
Victoria,Abajian,mail.ru
Madison,Abalos,cox.net
Eleanor,Abar,hotmail.it
Grace,Abarca,sbcglobal.net
Nora,Abare,sfr.fr
Riley,Abascal,live.fr
Zoey,Abate,verizon.net
Hannah,Abato,live.co.uk
Hazel,Abbas,googlemail.com
Lily,Abbasi,yahoo.es
Ellie,Abbate,ig.com.br
Violet,Abbatiello,live.nl
Lillian,Abbe,bigpond.com
Zoe,Abbett,terra.com.br
Stella,Abbey,yahoo.it
Aurora,Abbitt,neuf.fr
Natalie,Abbot,yahoo.de
Emilia,Abbott,alice.it
Everly,Abboud,rocketmail.com
Leah,Abbruzzese,att.net
Aubrey,Abbs,laposte.net
Willow,Abbuhl,facebook.com
Addison,Abby,bellsouth.net
Lucy,Abdalla,yahoo.in
Audrey,Abdallah,hotmail.es
Bella,Abdella,charter.net
Nova,Abdelnour,yahoo.ca
Brooklyn,Abdelrahman,yahoo.com.au
Paisley,Abdi,rambler.ru
Savannah,Abdo,hotmail.de
Claire,Abdon,tiscali.it
Skylar,Abdoo,shaw.ca
Isla,Abdou,yahoo.co.jp
Genesis,Abdul,sky.com
Naomi,Abdulla,earthlink.net
Elena,Abdullah,optonline.net
Caroline,Abe,freenet.de
Eliana,Abebe,t-online.de
Anna,Abed,aliceadsl.fr
Maya,Abee,virgilio.it
Valentina,Abegg,home.nl
Ruby,Abegglen,qq.com
Kennedy,Abeita,telenet.be
Ivy,Abel,me.com
Ariana,Abela,yahoo.com.ar
Aaliyah,Abele,tiscali.co.uk
Cora,Abeles,yahoo.com.mx
Madelyn,Abell,voila.fr
Alice,Abella,gmx.net
Kinsley,Abello,mail.com
Hailey,Abelman,planet.nl
Gabriella,Abeln,tin.it
Allison,Abels,live.it
Gianna,Abelson,ntlworld.com
Serenity,Abend,arcor.de
Samantha,Abendroth,yahoo.co.id
Sarah,Aber,frontiernet.net
Autumn,Abercrombie,hetnet.nl
Quinn,Aberg,live.com.au
Eva,Aberle,yahoo.com.sg
Piper,Aberman,zonnet.nl
Sophie,Abernathey,club-internet.fr
Sadie,Abernathy,juno.com
Delilah,Abernethy,optusnet.com.au
Josephine,Abert,blueyonder.co.uk
Nevaeh,Abeyta,bluewin.ch
Adeline,Abid,skynet.be
Arya,Abila,sympatico.ca
Emery,Abitz,windstream.net
Lydia,Abke,mac.com
Clara,Able,centurytel.net
Vivian,Ableman,chello.nl
Madeline,Abler,live.ca
Peyton,Ables,aim.com
Julia,Abner,bigpond.net.au